path	input_line	kind	declaration	target_visibility
CapGame/Affine.lean	55	theorem	cap_empty	private
CapGame/Affine.lean	58	theorem	cap_singleton	private
CapGame/Affine.lean	129	theorem	collinear_affineEquiv	private
CapGame/Affine.lean	138	theorem	cap_image_affineEquiv	private
CapGame/Affine.lean	150	theorem	mem_of_image_eq_self	private
CapGame/Affine.lean	156	theorem	mem_iff_of_image_eq_self	private
CapGame/Affine.lean	165	theorem	no_old_point_on_mirror_line	private
CapGame/Affine.lean	198	theorem	collinear_midpoint_left	private
CapGame/Affine.lean	206	theorem	mirror_move_legal	private
CapGame/Affine.lean	288	theorem	mirrorGood_step	private
CapGame/Affine.lean	323	theorem	isP_of_mirrorGood	private
CapGame/BuildGame.lean	375	theorem	move_map	private
CapGame/BuildGame.lean	427	theorem	isP_map	private
CapGame/Mirror.lean	50	theorem	mirrorInvariant_insert_pair	private
ProjectiveCap/Binary.lean	32	theorem	binary_mk_rep	private
ProjectiveCap/Binary.lean	120	theorem	mem_binaryRepFinset	private
ProjectiveCap/Binary.lean	144	theorem	rep_mem_binaryRepFinset	private
ProjectiveCap/ConicLocalization.lean	85	theorem	mem_nonzeroParams	private
ProjectiveCap/ConicLocalization.lean	89	theorem	card_nonzeroParams	private
ProjectiveCap/ConicLocalization.lean	119	theorem	hyperbolaDenom_ne_zero_of_not_collinear	private
ProjectiveCap/ConicLocalization.lean	134	theorem	hyperbolaDenom_ne_zero_of_gridCap_triple	private
ProjectiveCap/ConicLocalization.lean	142	theorem	hyperbolaTriple_linear_b	private
ProjectiveCap/ConicLocalization.lean	153	theorem	hyperbolaTriple_linear_c	private
ProjectiveCap/ConicLocalization.lean	164	theorem	onHyperbola_pair_linear	private
ProjectiveCap/ConicLocalization.lean	173	theorem	hyperbolaCenter_eq_of_linear	private
ProjectiveCap/ConicLocalization.lean	202	theorem	hyperbolaParams_eq_of_fits_triple	private
ProjectiveCap/ConicLocalization.lean	221	theorem	onHyperbola_hyperbolaOfTriple_a	private
ProjectiveCap/ConicLocalization.lean	229	theorem	onHyperbola_hyperbolaOfTriple_b	private
ProjectiveCap/ConicLocalization.lean	240	theorem	onHyperbola_hyperbolaOfTriple_c	private
ProjectiveCap/ConicLocalization.lean	251	theorem	hyperbolaFits_triple	private
ProjectiveCap/ConicLocalization.lean	295	theorem	onAffine_iff_onHyperbola	private
ProjectiveCap/ConicLocalization.lean	342	theorem	hyperbolaFits_card_three_B_ne_zero	private
ProjectiveCap/ConicLocalization.lean	410	theorem	hyperbolaNormalFormStatement	private
ProjectiveCap/ConicLocalization.lean	432	theorem	hyperbolaConic_nondegenerate	private
ProjectiveCap/ConicLocalization.lean	437	theorem	burnedDirectionConic_eq_hyperbolaConic_of_params	private
ProjectiveCap/ConicLocalization.lean	452	theorem	uniqueConicThroughFiveArcStatement_of_hyperbolaNormalFormStatement	private
ProjectiveCap/ConicLocalization.lean	473	theorem	uniqueConicThroughFiveArcStatement	private
ProjectiveCap/ConicLocalization.lean	509	theorem	mem_onConicEscapeExtensions	private
ProjectiveCap/ConicLocalization.lean	517	theorem	mem_onConicBadExtensions	private
ProjectiveCap/ConicLocalization.lean	525	theorem	onConicLegalExtensions_card_eq_escape_add_bad	private
ProjectiveCap/ConicLocalization.lean	586	theorem	hyperbolaParamPoint_onHyperbola	private
ProjectiveCap/ConicLocalization.lean	604	theorem	onHyperbola_second_ne_A	private
ProjectiveCap/ConicLocalization.lean	632	theorem	onHyperbola_iff_exists_param	private
ProjectiveCap/ConicLocalization.lean	644	theorem	hyperbolaCells_eq_image_nonzeroParams	private
ProjectiveCap/ConicLocalization.lean	671	theorem	colSparse_hyperbolaCells	private
ProjectiveCap/ConicLocalization.lean	697	theorem	partialPermutation_hyperbolaCells	private
ProjectiveCap/ConicLocalization.lean	702	theorem	not_collinear_hyperbolaParamPoint	private
ProjectiveCap/ConicLocalization.lean	728	theorem	affineCap_hyperbolaCells	private
ProjectiveCap/ConicLocalization.lean	750	theorem	gridCap_hyperbolaCells_and_card	private
ProjectiveCap/ConicLocalization.lean	760	theorem	onConicLegalExtensionCountStatement	private
ProjectiveCap/ConicLocalization.lean	792	theorem	onConicLegalExtensions_eq_filter_notMem	private
ProjectiveCap/ConicLocalization.lean	809	theorem	card_onConicLegalExtensions	private
ProjectiveCap/ConicLocalization.lean	820	theorem	odd_card_onConicLegalExtensions	private
ProjectiveCap/ConicLocalization.lean	833	theorem	onConicEscapeExtensions_nonempty_of_even_bad	private
ProjectiveCap/ConicLocalization.lean	850	theorem	hyperbola_center_secant_collinear	private
ProjectiveCap/ConicLocalization.lean	929	theorem	oddHyperbolaMaximalStatement	private
ProjectiveCap/ConicLocalization.lean	944	theorem	psi_involutive	private
ProjectiveCap/ConicLocalization.lean	954	theorem	psi_onHyperbola_iff	private
ProjectiveCap/ConicLocalization.lean	971	theorem	psi_hyperbolaParamPoint	private
ProjectiveCap/ConicLocalization.lean	980	theorem	psi_hyperbolaParamPoint_fixed_iff_param_mul	private
ProjectiveCap/ConicLocalization.lean	1000	theorem	eq_param_mul_of_psi_fixed_onHyperbola	private
ProjectiveCap/ConicLocalization.lean	1030	theorem	psi_fixed_onHyperbola_iff_param_mul	private
ProjectiveCap/ConicLocalization.lean	1057	theorem	psi_ne_self_of_onHyperbola_of_param_mul_ne	private
ProjectiveCap/ConicLocalization.lean	1066	theorem	psi_bijective	private
ProjectiveCap/ConicLocalization.lean	1071	theorem	psi_first_eq_iff	private
ProjectiveCap/ConicLocalization.lean	1087	theorem	psi_second_eq_iff	private
ProjectiveCap/ConicLocalization.lean	1103	theorem	collinear_psi_iff	private
ProjectiveCap/ConicLocalization.lean	1136	theorem	gridSymmetry_isP_image	private
ProjectiveCap/ConicLocalization.lean	1166	theorem	gridSymmetry_comp	private
ProjectiveCap/ConicLocalization.lean	1188	def	coordSwap	private
ProjectiveCap/ConicLocalization.lean	1192	theorem	coordSwap_bijective	private
ProjectiveCap/ConicLocalization.lean	1203	theorem	coordSwap_involutive	private
ProjectiveCap/ConicLocalization.lean	1208	theorem	collinear_coordSwap_iff	private
ProjectiveCap/ConicLocalization.lean	1216	theorem	rowSparse_image_coordSwap	private
ProjectiveCap/ConicLocalization.lean	1227	theorem	colSparse_image_coordSwap	private
ProjectiveCap/ConicLocalization.lean	1238	theorem	affineCap_image_coordSwap	private
ProjectiveCap/ConicLocalization.lean	1252	theorem	gridCap_image_coordSwap	private
ProjectiveCap/ConicLocalization.lean	1260	theorem	gridCap_image_coordSwap_iff	private
ProjectiveCap/ConicLocalization.lean	1284	theorem	coordSwap_gridSymmetry	private
ProjectiveCap/ConicLocalization.lean	1301	theorem	axisAffine_bijective	private
ProjectiveCap/ConicLocalization.lean	1330	theorem	axisAffine_first_eq_iff	private
ProjectiveCap/ConicLocalization.lean	1345	theorem	axisAffine_second_eq_iff	private
ProjectiveCap/ConicLocalization.lean	1360	theorem	collinear_axisAffine_iff	private
ProjectiveCap/ConicLocalization.lean	1384	theorem	rowSparse_image_axisAffine	private
ProjectiveCap/ConicLocalization.lean	1399	theorem	colSparse_image_axisAffine	private
ProjectiveCap/ConicLocalization.lean	1414	theorem	affineCap_image_axisAffine	private
ProjectiveCap/ConicLocalization.lean	1430	theorem	gridCap_image_axisAffine	private
ProjectiveCap/ConicLocalization.lean	1442	theorem	gridCap_image_axisAffine_iff	private
ProjectiveCap/ConicLocalization.lean	1481	theorem	axisAffine_gridSymmetry	private
ProjectiveCap/ConicLocalization.lean	1494	theorem	anchorAxisAffine_gridSymmetry	private
ProjectiveCap/ConicLocalization.lean	1502	theorem	anchorAxisAffine_left	private
ProjectiveCap/ConicLocalization.lean	1507	theorem	anchorAxisAffine_right	private
ProjectiveCap/ConicLocalization.lean	1517	theorem	gridCap_row_ne_of_ne	private
ProjectiveCap/ConicLocalization.lean	1527	theorem	gridCap_col_ne_of_ne	private
ProjectiveCap/ConicLocalization.lean	1537	theorem	rowSparse_image_psi	private
ProjectiveCap/ConicLocalization.lean	1548	theorem	colSparse_image_psi	private
ProjectiveCap/ConicLocalization.lean	1559	theorem	affineCap_image_psi	private
ProjectiveCap/ConicLocalization.lean	1573	theorem	gridCap_image_psi	private
ProjectiveCap/ConicLocalization.lean	1581	theorem	gridCap_image_psi_iff	private
ProjectiveCap/ConicLocalization.lean	1603	theorem	psi_gridSymmetry	private
ProjectiveCap/ConicLocalization.lean	1607	theorem	psi_mem_onConicBadExtensions_of_seed_image	private
ProjectiveCap/ConicLocalization.lean	1647	theorem	even_onConicBadExtensions_of_psi_pairing	private
ProjectiveCap/ConicLocalization.lean	1663	theorem	even_onConicBadExtensions_of_psi_seed_image_no_fixed_bad_param	private
ProjectiveCap/ConicLocalization.lean	1714	theorem	psiInvolutionStatement	private
ProjectiveCap/EllipticMirror.lean	36	theorem	ellipticBlockLinearEquiv_sq	private
ProjectiveCap/ExtensionCount.lean	83	theorem	legalExtensions_eq_filter_freeFree	private
ProjectiveCap/ExtensionCount.lean	143	theorem	freeFreeCells_eq_product	private
ProjectiveCap/ExtensionCount.lean	150	theorem	card_freeFreeCells	private
ProjectiveCap/ExtensionCount.lean	156	theorem	usedRows_triple	private
ProjectiveCap/ExtensionCount.lean	161	theorem	usedCols_triple	private
ProjectiveCap/ExtensionCount.lean	173	theorem	collinear_iff_lineRowPoint	private
ProjectiveCap/ExtensionCount.lean	182	theorem	lineRowPoint_fst	private
ProjectiveCap/ExtensionCount.lean	186	theorem	lineRowPoint_snd	private
ProjectiveCap/ExtensionCount.lean	194	theorem	lineRowPoint_injective	private
ProjectiveCap/ExtensionCount.lean	206	theorem	card_pairLine_inter_freeFree	private
ProjectiveCap/ExtensionCount.lean	270	theorem	filter_blocked_triple	private
ProjectiveCap/ExtensionCount.lean	299	theorem	ne_of_fst_notMem_usedRows	private
ProjectiveCap/ExtensionCount.lean	306	theorem	card_legalExtensions_of_card_three	private
ProjectiveCap/FrameGridBridge.lean	58	theorem	fixedValid_image_iff_grid	private
ProjectiveCap/FrameGridBridge.lean	105	def	rowDirectionVec	private
ProjectiveCap/FrameGridBridge.lean	108	def	colDirectionVec	private
ProjectiveCap/FrameGridBridge.lean	111	def	affineVec	private
ProjectiveCap/FrameGridBridge.lean	114	theorem	rowDirectionVec_ne_zero	private
ProjectiveCap/FrameGridBridge.lean	119	theorem	colDirectionVec_ne_zero	private
ProjectiveCap/FrameGridBridge.lean	124	theorem	affineVec_ne_zero	private
ProjectiveCap/FrameGridBridge.lean	141	theorem	rowDirection_ne_colDirection	private
ProjectiveCap/FrameGridBridge.lean	153	theorem	affinePoint_ne_rowDirection	private
ProjectiveCap/FrameGridBridge.lean	162	theorem	affinePoint_ne_colDirection	private
ProjectiveCap/FrameGridBridge.lean	171	theorem	affinePoint_injective	private
ProjectiveCap/FrameGridBridge.lean	196	theorem	mk_collinear_iff_det_eq_zero	private
ProjectiveCap/FrameGridBridge.lean	243	theorem	det_rowDirection_affine_affine	private
ProjectiveCap/FrameGridBridge.lean	249	theorem	det_colDirection_affine_affine	private
ProjectiveCap/FrameGridBridge.lean	256	theorem	det_rowDirection_colDirection_affine	private
ProjectiveCap/FrameGridBridge.lean	262	theorem	det_rowDirection_colDirection_vec	private
ProjectiveCap/FrameGridBridge.lean	267	theorem	collinear_row_col_mk_of_coord2_eq_zero	private
ProjectiveCap/FrameGridBridge.lean	278	theorem	point_eq_affine_or_collinear_row_col	private
ProjectiveCap/FrameGridBridge.lean	301	theorem	det_affine_affine_affine	private
ProjectiveCap/FrameGridBridge.lean	309	theorem	collinear_rowDirection_affine_iff	private
ProjectiveCap/FrameGridBridge.lean	320	theorem	collinear_colDirection_affine_iff	private
ProjectiveCap/FrameGridBridge.lean	332	theorem	not_collinear_row_col_affine	private
ProjectiveCap/FrameGridBridge.lean	341	theorem	collinear_affine_iff_grid	private
ProjectiveCap/FrameGridBridge.lean	363	theorem	rowDirection_mem_fixedDirections	private
ProjectiveCap/FrameGridBridge.lean	367	theorem	colDirection_mem_fixedDirections	private
ProjectiveCap/FrameGridBridge.lean	371	theorem	fixedDirections_card	private
ProjectiveCap/FrameGridBridge.lean	375	theorem	insert_affine_fixed_union_image	private
ProjectiveCap/FrameGridBridge.lean	384	theorem	affinePoint_mem_map	private
ProjectiveCap/FrameGridBridge.lean	388	theorem	mem_fixed_union_image_cases	private
ProjectiveCap/FrameGridBridge.lean	402	theorem	fixedDirections_disjoint_affineImage	private
ProjectiveCap/FrameGridBridge.lean	428	theorem	projectiveCollinear_congr_set	private
ProjectiveCap/FrameGridBridge.lean	436	theorem	not_collinear_row_affine_affine	private
ProjectiveCap/FrameGridBridge.lean	446	theorem	not_collinear_col_affine_affine	private
ProjectiveCap/FrameGridBridge.lean	456	theorem	not_collinear_affine_affine_affine	private
ProjectiveCap/FrameGridBridge.lean	466	theorem	gridCap_of_projectiveCap	private
ProjectiveCap/Grid.lean	112	theorem	rowSparse_mono	private
ProjectiveCap/Grid.lean	118	theorem	colSparse_mono	private
ProjectiveCap/Grid.lean	124	theorem	partialPermutation_mono	private
ProjectiveCap/Grid.lean	128	theorem	affineCap_mono	private
ProjectiveCap/GridCounting.lean	67	theorem	card_usedRows_eq_card_of_rowSparse	private
ProjectiveCap/GridCounting.lean	77	theorem	card_usedCols_eq_card_of_colSparse	private
ProjectiveCap/GridGame.lean	67	theorem	mem_badExtensions	private
ProjectiveCap/GridMirror.lean	24	theorem	diagTranslate_involutive	private
ProjectiveCap/GridMirror.lean	28	theorem	diagTranslate_fpf	private
ProjectiveCap/GridMirror.lean	36	theorem	diagTranslate_row_ne	private
ProjectiveCap/GridMirror.lean	44	theorem	diagTranslate_col_ne	private
ProjectiveCap/GridMirror.lean	59	theorem	diagEquiv_apply	private
ProjectiveCap/GridMirror.lean	63	theorem	collinear_diagTranslate_iff	private
ProjectiveCap/GridMirror.lean	82	theorem	collinear_diagTranslate_left_iff	private
ProjectiveCap/GridMirror.lean	90	theorem	collinear_with_mirror_forces_old_line	private
ProjectiveCap/GridMirror.lean	106	theorem	mem_of_diag_image_eq_self	private
ProjectiveCap/GridMirror.lean	114	theorem	mem_iff_of_diag_image_eq_self	private
ProjectiveCap/GridMirror.lean	125	theorem	standardResidualSeed_diagMirrorGood	private
ProjectiveCap/GridMirror.lean	162	theorem	old_row_ne_diag_reply	private
ProjectiveCap/GridMirror.lean	189	theorem	old_col_ne_diag_reply	private
ProjectiveCap/GridMirror.lean	216	theorem	rowSparse_insert_diag_reply	private
ProjectiveCap/GridMirror.lean	242	theorem	colSparse_insert_diag_reply	private
ProjectiveCap/GridMirror.lean	268	theorem	diagTranslate_ne_of_ne	private
ProjectiveCap/GridMirror.lean	279	theorem	not_collinear_diag_reply_old_old	private
ProjectiveCap/GridMirror.lean	329	theorem	affineCap_insert_diag_reply	private
ProjectiveCap/GridMirror.lean	377	theorem	diag_mirror_move_legal	private
ProjectiveCap/GridMirror.lean	388	theorem	diagMirrorGood_step	private
ProjectiveCap/GridMirror.lean	405	theorem	isP_of_diagMirrorGood	private
ProjectiveCap/GridSeed.lean	26	theorem	standardResidualSeed_rowSparse	private
ProjectiveCap/GridSeed.lean	36	theorem	standardResidualSeed_colSparse	private
ProjectiveCap/GridSeed.lean	46	theorem	standardResidualSeed_partialPermutation	private
ProjectiveCap/GridSeed.lean	50	theorem	standardResidualSeed_affineCap	private
ProjectiveCap/PlaneTransitivity.lean	32	theorem	comp_rep_triple	private
ProjectiveCap/PlaneTransitivity.lean	60	theorem	li_sub01	private
ProjectiveCap/PlaneTransitivity.lean	68	theorem	li_sub02	private
ProjectiveCap/PlaneTransitivity.lean	76	theorem	li_sub12	private
ProjectiveCap/PlaneTransitivity.lean	84	theorem	li_rotate	private
ProjectiveCap/PlaneTransitivity.lean	114	theorem	dependent_of_collinear	private
ProjectiveCap/PlaneTransitivity.lean	148	theorem	collinear_of_dependent	private
ProjectiveCap/PlaneTransitivity.lean	211	theorem	not_collinear_iff_independent	private
ProjectiveCap/PlaneTransitivity.lean	282	theorem	mapLinearEquiv_mk	private
ProjectiveCap/PlaneTransitivity.lean	287	theorem	mapLinearEquiv_symm_eq	private
ProjectiveCap/PlaneTransitivity.lean	291	theorem	mapLinearEquiv_symm_apply	private
ProjectiveCap/PlaneTransitivity.lean	295	theorem	mapLinearEquiv_apply_symm	private
ProjectiveCap/PlaneTransitivity.lean	299	theorem	independent_triple_mapLinearEquiv	private
ProjectiveCap/PlaneTransitivity.lean	322	theorem	collinear_mapLinearEquiv	private
ProjectiveCap/PlaneTransitivity.lean	354	theorem	cap_map_mapLinearEquiv	private
ProjectiveCap/PlaneTransitivity.lean	402	theorem	mapEquiv_symm_eq	private
ProjectiveCap/PlaneTransitivity.lean	406	theorem	mapEquiv_symm_mapEquiv	private
ProjectiveCap/PlaneTransitivity.lean	412	theorem	mapEquiv_mapEquiv_symm	private
ProjectiveCap/PlaneTransitivity.lean	433	theorem	independent_triple_map	private
ProjectiveCap/PlaneTransitivity.lean	497	theorem	cap_of_forall_triple	private
ProjectiveCap/PlaneTransitivity.lean	604	theorem	li_with_sum12	private
ProjectiveCap/PlaneTransitivity.lean	630	theorem	li_with_sum13	private
ProjectiveCap/PlaneTransitivity.lean	656	theorem	li_with_sum23	private
ProjectiveCap/PlaneTransitivity.lean	696	theorem	exists_cons_li	private
ProjectiveCap/PlaneTransitivity.lean	726	theorem	capTransitiveStatement_one	private
ProjectiveCap/PlaneTransitivity.lean	761	theorem	capTransitiveStatement_two	private
ProjectiveCap/PlaneTransitivity.lean	804	theorem	capTransitiveStatement_three	private
ProjectiveCap/PlaneTransitivity.lean	952	theorem	capTransitiveStatement_four	private
ProjectiveCap/PlaneTransitivity.lean	1022	theorem	cap_extendable	private
ProjectiveCap/Projective.lean	60	theorem	cap_singleton	private
Sumfree/Game.lean	42	theorem	legal_of_move	private
Sumfree/Game.lean	47	theorem	move_of_legal	private
Sumfree/Game.lean	52	theorem	valid_empty	private
Sumfree/Game.lean	57	theorem	valid_singleton_of_ne_zero	private
Sumfree/Game.lean	70	theorem	valid_singleton_iff	private
Sumfree/Game.lean	81	theorem	empty_move_iff_ne_zero	private
Sumfree/Game.lean	99	theorem	negInvariant_empty	private
Sumfree/Game.lean	105	theorem	negInvariant_insert_pair	private
Sumfree/Game.lean	118	theorem	negGood_step_of_live_no_obstructions	private
Sumfree/Game.lean	142	theorem	negGood_step	private
Sumfree/Game.lean	154	theorem	negGood_isP_of_live_no_obstructions	private
Sumfree/Game.lean	183	def	NegGoodWith	private
Sumfree/Game.lean	187	theorem	negInvariant_orderTwo_singleton	private
Sumfree/Game.lean	195	theorem	negGoodWith_step_of_no_other_obstructions	private
Sumfree/Game.lean	222	theorem	orderTwo_singleton_isP_of_negation_no_other_obstructions	private
Sumfree/Game.lean	236	theorem	initial_win_of_orderTwo_no_other_negation_obstructions	private
Sumfree/Game.lean	254	theorem	anchoredNegInvariant_insert_pair	private
Sumfree/Game.lean	268	theorem	anchoredNegGood_step_of_live_obstructions	private
Sumfree/Game.lean	298	theorem	anchoredNegGood_isP_of_live_obstructions	private
Sumfree/Game.lean	324	theorem	anchoredNegGoodWith_step_of_live_obstructions	private
Sumfree/Game.lean	358	theorem	anchoredNegGoodWith_isP_of_live_obstructions	private
Sumfree/Game.lean	373	theorem	orderThree_singleton_isP_of_live_obstructions	private
Sumfree/Game.lean	390	theorem	initial_win_of_orderThree_anchor	private
Sumfree/Game.lean	413	theorem	mem_nonzeroOrderTwoElements	private
Sumfree/Game.lean	422	theorem	mem_nonzeroOrderThreeElements	private
Sumfree/Game.lean	515	theorem	tauInvariant_empty	private
Sumfree/Game.lean	521	theorem	tauInvariant_insert_pair	private
Sumfree/Game.lean	546	theorem	tauGood_step	private
Sumfree/Game.lean	568	theorem	tauGood_isP	private
Sumfree/Game.lean	576	theorem	tauPairGood_from_empty	private
Sumfree/Game.lean	600	theorem	win_after_nonexception_opening_of_orderTwoMirror	private
Sumfree/Game.lean	933	theorem	neg_mem_nonzeroOrderThreeElements	private
Sumfree/Game.lean	946	theorem	nonzeroOrderThree_ne_neg	private
Sumfree/Game.lean	1094	theorem	f3Good_step	private
Sumfree/Nonzero.lean	29	theorem	initial_isP_zmod2_of_finrank_ge_two	private
Sumfree/RankCounts.lean	22	theorem	mem_orderTwoKernelElements	private
Sumfree/RankCounts.lean	27	theorem	mem_orderTwoKernelElements_iff_two_nsmul	private
Sumfree/RankCounts.lean	36	theorem	mem_orderThreeKernelElements	private
Sumfree/RankCounts.lean	41	theorem	mem_orderThreeKernelElements_iff_three_nsmul	private
Sumfree/RankCounts.lean	54	theorem	orderTwoKernelElements_eq_insert_zero_nonzeroOrderTwoElements	private
Sumfree/RankCounts.lean	62	theorem	orderThreeKernelElements_eq_insert_zero_nonzeroOrderThreeElements	private
Sumfree/RankCounts.lean	70	theorem	orderTwoKernelElements_card	private
Sumfree/RankCounts.lean	77	theorem	orderThreeKernelElements_card	private
Sumfree/RankCounts.lean	102	theorem	orderTwoKernelElements_eq_univ_of_zmod2_module	private
Sumfree/RankCounts.lean	108	theorem	orderThreeKernelElements_eq_singleton_zero_of_zmod2_module	private
Sumfree/RankCounts.lean	140	theorem	orderTwoKernelElements_eq_singleton_zero_of_zmod3_module	private
Sumfree/RankCounts.lean	156	theorem	orderThreeKernelElements_eq_univ_of_zmod3_module	private
Sumfree/RankCounts.lean	162	theorem	hasTwoRank_zero_of_zmod3_module	private
Sumfree/RankCounts.lean	168	theorem	hasThreeRank_finrank_zmod3	private
Sumfree/RankCounts.lean	175	theorem	nonzeroOrderTwo_card_eq_zero_of_hasTwoRank_zero	private
Sumfree/RankCounts.lean	182	theorem	nonzeroOrderTwo_card_eq_one_of_hasTwoRank_one	private
Sumfree/RankCounts.lean	190	theorem	nonzeroOrderTwo_card_ge_two_of_hasTwoRank_ge_two	private
Sumfree/RankCounts.lean	200	theorem	nonzeroOrderThree_card_eq_zero_of_hasThreeRank_zero	private
Sumfree/RankCounts.lean	207	theorem	nonzeroOrderThree_card_eq_two_of_hasThreeRank_one	private
